<?xml version="1.0" encoding="UTF-8"?>
<Configuration status="warn">​
    <Appenders>​
        <Console name="LogToConsole" target="SYSTEM_OUT">​
            <PatternLayout pattern="%d{HH:mm:ss.SSS} [%t] %-5level %logger{36} - %msg%n"/>​
        </Console>​
    </Appenders>​
    <Loggers>​
        <Logger name="j4" level="debug" additivity="false">​
            <AppenderRef ref="LogToConsole"/>​
        </Logger>​
        <Logger name="j4" level="debug" additivity="false">​
            <AppenderRef ref="LogToConsole"/>​
        </Logger>        
        <Root level="error">​
            <AppenderRef ref="LogToConsole"/>​
        </Root>
​
    </Loggers>​
</Configuration>